fixture	source-member	bytes	sha256-member	sha256-apk	apk
clock31.arsc	resources.arsc	3988	5e84881e6e45eb7fccc4cce579f6f400cbf375de72b71ea3803bbcb188dfcc20	02f0465f6af48fffddf0c5969f3f3dc73611a3bc8d6d5753cffadc8adb51d82f	com.dosse.clock31_5.apk
clock31.layout_c31_widget.axml	res/7_.xml	2780	f8f42b054ea679c769008f4bb89abc4870d912196bb9f4c9514f4e41d5557530	02f0465f6af48fffddf0c5969f3f3dc73611a3bc8d6d5753cffadc8adb51d82f	com.dosse.clock31_5.apk
clock31.layout_calendar_entry.axml	res/Jq.xml	1620	7e77f52105bef15b58b61f24d39c66794482f8d6e32e816e41b45dd608263419	02f0465f6af48fffddf0c5969f3f3dc73611a3bc8d6d5753cffadc8adb51d82f	com.dosse.clock31_5.apk
clock31.manifest.axml	AndroidManifest.xml	5516	3714a030e0964bb8977a0920ccb0e6c178867116a77979f3137af5eb2a2ecba8	02f0465f6af48fffddf0c5969f3f3dc73611a3bc8d6d5753cffadc8adb51d82f	com.dosse.clock31_5.apk
t4.arsc	resources.arsc	1368	3dd20c2a71b4b5e14805dc963dde761686fc05733ed3aab9a6885814fa5294fc	f76b18eeef2df33ac77709a1410c9eda68c162954563895325793d42cf83a1e7	com.github.rsteube.t4_4.apk
t4.drawable_button.axml	res/drawable/button.xml	1300	6e1c68eff668d9034813d61c4a0cd87e014bff2ed7b52981d3bb81e802b68710	f76b18eeef2df33ac77709a1410c9eda68c162954563895325793d42cf83a1e7	com.github.rsteube.t4_4.apk
vanillaplug.arsc	resources.arsc	2948	f343d3a820b5d85d08f2c466ad4cd03fd6321d5f07bf718b65eee636b94741e2	a9cdbcb3ea96dc49b9bef06be3d824cfabdbb262c09d046875cce0c1f6c5a1a9	ch.blinkenlights.android.vanillaplug_170.apk
pixel10proxl.arsc	resources.arsc	1536	5b8da83ef9085a549e2af07d1c2803efd4431a3e9601a4efb9593da5aeea9578	8c8111671d4e5132d715df50387cd99fcd343cb7d91d5cb652c05a00654c0481	EmulationPixel10ProXLOverlay.apk
weatherforecast.reframed.arsc	resources.arsc(type 2 only)	5648	135592e59ff3c02a96dc64a86ff4294e58bcb85e748ada5b655dbaecc39680d6	fd2725f3801f4302bd1dbc504b45980f852fcc50d35db53d1e2d1822b413c2a4	uk.org.boddie.android.weatherforecast_173.apk
weatherforecast.reframed.apk	(zip wrapper for the oracles)	7664	6fe6ae6ffe21b787f4a3fd75fc853d26b7b43810f232066232fb102e6ff83f6b	fd2725f3801f4302bd1dbc504b45980f852fcc50d35db53d1e2d1822b413c2a4	uk.org.boddie.android.weatherforecast_173.apk
